{"r2": 0.5672929956681924, "mae": 32.55858208955224, "feature_importance": {"_type": "image-file", "sha256": "00a91c11c75f8a1f29203c15845ed5612f4f5629181005a77b05456353296adb", "size": 33329, "path": "media/images/feature_importance_0_00a91c11c75f8a1f2920.png", "format": "png", "width": 1000, "height": 1000}, "_timestamp": 1703872244.9828715, "_runtime": 17.11301350593567, "_step": 0, "_wandb": {"runtime": 16}}