{"r2": 0.5664362997650901, "mae": 32.617592301649644, "feature_importance": {"_type": "image-file", "sha256": "9d5353c01d83b10fb48845ad801a82c3240053f55256410352d071cfd62c66cb", "size": 33321, "path": "media/images/feature_importance_0_9d5353c01d83b10fb488.png", "format": "png", "width": 1000, "height": 1000}, "_timestamp": 1703872301.3816323, "_runtime": 12.543862342834473, "_step": 0, "_wandb": {"runtime": 12}}