{"r2": 0.5699739457186175, "mae": 32.46195993715632, "feature_importance": {"_type": "image-file", "sha256": "706a95b32069f11949642ae7bb9947bc16702e36eb36a4e5d6c8b99b1c05229c", "size": 33325, "path": "media/images/feature_importance_0_706a95b32069f1194964.png", "format": "png", "width": 1000, "height": 1000}, "_timestamp": 1703803185.6237574, "_runtime": 26.871154308319092, "_step": 0, "_wandb": {"runtime": 26}}