{"r2": 0.5459103894267815, "mae": 32.82421445404556, "feature_importance": {"_type": "image-file", "sha256": "06807fad0c10163fb6061c5fdc1a6cf17598b66bedca1f863c44afa6b80b7e4e", "size": 33322, "path": "media/images/feature_importance_0_06807fad0c10163fb606.png", "format": "png", "width": 1000, "height": 1000}, "_timestamp": 1703872142.287256, "_runtime": 15.44717788696289, "_step": 0, "_wandb": {"runtime": 14}}