{"r2": 0.5808447378045247, "mae": 32.088813825608796, "feature_importance": {"_type": "image-file", "sha256": "46467324010be450dce0191c33b599a1098a0f3355f5e8939620597c311ddf26", "size": 33830, "path": "media/images/feature_importance_0_46467324010be450dce0.png", "format": "png", "width": 1000, "height": 1000}, "_timestamp": 1703875457.6431746, "_runtime": 20.384803533554077, "_step": 0, "_wandb": {"runtime": 19}}