{"r2": 0.5791714332267476, "mae": 32.099595443833465, "feature_importance": {"_type": "image-file", "sha256": "2785567e3e63e5f9e52b3f13203c4804bf65b0affa9a9feeae67cf9ae5d33282", "size": 33858, "path": "media/images/feature_importance_0_2785567e3e63e5f9e52b.png", "format": "png", "width": 1000, "height": 1000}, "_timestamp": 1703875427.9026864, "_runtime": 18.747512340545654, "_step": 0, "_wandb": {"runtime": 18}}