{"r2": 0.5472906460940788, "mae": 32.78442655145326, "feature_importance": {"_type": "image-file", "sha256": "6c290fa933cd622c05122fc4bf0a8b014dc0691ddc88893aca94ca7728d2a5cc", "size": 33328, "path": "media/images/feature_importance_0_6c290fa933cd622c0512.png", "format": "png", "width": 1000, "height": 1000}, "_timestamp": 1703803089.161413, "_runtime": 15.210821866989136, "_step": 0, "_wandb": {"runtime": 14}}