{"r2": 0.569282722154925, "mae": 32.47761194029851, "feature_importance": {"_type": "image-file", "sha256": "f868dc752e98246f34cdd8967498f69f0ddb309725e4f9e18f8d492bff769591", "size": 33328, "path": "media/images/feature_importance_0_f868dc752e98246f34cd.png", "format": "png", "width": 1000, "height": 1000}, "_timestamp": 1703803150.3089266, "_runtime": 17.614195585250854, "_step": 0, "_wandb": {"runtime": 17}}