{"r2": 0.579465637153287, "mae": 32.107786724273375, "feature_importance": {"_type": "image-file", "sha256": "79251a37e5ccd8c30d60a596c789c5b8c99d8d42cab6f8a3856041c4add71297", "size": 33864, "path": "media/images/feature_importance_0_79251a37e5ccd8c30d60.png", "format": "png", "width": 1000, "height": 1000}, "_timestamp": 1703875359.4212139, "_runtime": 20.215296983718872, "_step": 0, "_wandb": {"runtime": 19}}