{"r2": 0.569365276037675, "mae": 32.47445011783189, "feature_importance": {"_type": "image-file", "sha256": "86cdb5f69385c37492df698d50ff7f2d6acf68a1645b3f8790e6bb15aa7a52e8", "size": 33326, "path": "media/images/feature_importance_0_86cdb5f69385c37492df.png", "format": "png", "width": 1000, "height": 1000}, "_timestamp": 1703872279.8793418, "_runtime": 25.951112747192383, "_step": 0, "_wandb": {"runtime": 25}}