{"r2": 0.5782149955800671, "mae": 32.20346818538884, "feature_importance": {"_type": "image-file", "sha256": "dd499db5d75ed15867b941488d14026efc6a54d24665cc8cfdb0d620da49d50c", "size": 33859, "path": "media/images/feature_importance_0_dd499db5d75ed15867b9.png", "format": "png", "width": 1000, "height": 1000}, "_timestamp": 1703875305.9923253, "_runtime": 14.035490274429321, "_step": 0, "_wandb": {"runtime": 13}}