{"r2": 0.5769240310279775, "mae": 32.19885506677141, "feature_importance": {"_type": "image-file", "sha256": "d51cc9f4ed4a8330902a92198d9ef88796897a6c382ecd7070c751f429fcaab3", "size": 33857, "path": "media/images/feature_importance_0_d51cc9f4ed4a8330902a.png", "format": "png", "width": 1000, "height": 1000}, "_timestamp": 1703875332.2445998, "_runtime": 18.302902936935425, "_step": 0, "_wandb": {"runtime": 17}}