{"r2": 0.574117215628992, "mae": 32.26145326001571, "feature_importance": {"_type": "image-file", "sha256": "320ed60d3b48776851bf00cab3cc00a6bc86f72a028254a2fb21b428e5f4252f", "size": 33871, "path": "media/images/feature_importance_0_320ed60d3b48776851bf.png", "format": "png", "width": 1000, "height": 1000}, "_timestamp": 1703875379.6699502, "_runtime": 13.177707195281982, "_step": 0, "_wandb": {"runtime": 12}}