{"r2": 0.569274269036673, "mae": 32.48216417910448, "feature_importance": {"_type": "image-file", "sha256": "40445199afd9a72147013f9ac8509eec777a05718beafd196a8736932cb3632d", "size": 33323, "path": "media/images/feature_importance_0_40445199afd9a7214701.png", "format": "png", "width": 1000, "height": 1000}, "_timestamp": 1703874848.9745326, "_runtime": 19.03859567642212, "_step": 0, "_wandb": {"runtime": 18}}