{"r2": 0.5784768843474967, "mae": 32.258974862529456, "feature_importance": {"_type": "image-file", "sha256": "1d823050bbc253b0aac6c183df2c9e9b1cc66e51ac0e59292257674cf314530b", "size": 33329, "path": "media/images/feature_importance_0_1d823050bbc253b0aac6.png", "format": "png", "width": 1000, "height": 1000}, "_timestamp": 1703875401.8846025, "_runtime": 14.083214521408081, "_step": 0, "_wandb": {"runtime": 13}}