{"r2": 0.5658027232793196, "mae": 32.627329143754906, "feature_importance": {"_type": "image-file", "sha256": "ee78112c4ac16a212a18dbd8afef6e889a4ca2f279b24149a4b4030ae37e9140", "size": 33328, "path": "media/images/feature_importance_0_ee78112c4ac16a212a18.png", "format": "png", "width": 1000, "height": 1000}, "_timestamp": 1703874822.665426, "_runtime": 12.312700986862183, "_step": 0, "_wandb": {"runtime": 11}}