{"r2": 0.5476846307642016, "mae": 32.78512961508248, "feature_importance": {"_type": "image-file", "sha256": "d8aa3eb0509f4d5a08971c05ac12e9271ded6fd278d3947a8d7f62c1b49bf045", "size": 33327, "path": "media/images/feature_importance_0_d8aa3eb0509f4d5a0897.png", "format": "png", "width": 1000, "height": 1000}, "_timestamp": 1703803123.1610217, "_runtime": 24.71708059310913, "_step": 0, "_wandb": {"runtime": 24}}