{"r2": 0.5722084996623802, "mae": 32.32975255302435, "feature_importance": {"_type": "image-file", "sha256": "c80ff9de89b91c5eb0e8c3190d388fda5127cbcc07c9ce57dee2283f00d87151", "size": 33861, "path": "media/images/feature_importance_0_c80ff9de89b91c5eb0e8.png", "format": "png", "width": 1000, "height": 1000}, "_timestamp": 1703875283.7908635, "_runtime": 13.482988595962524, "_step": 0, "_wandb": {"runtime": 13}}