{"r2": 0.5639975847622524, "mae": 32.71555773762765, "feature_importance": {"_type": "image-file", "sha256": "d470c941a3af4ecdb2bc3dcf182e97ecfbeeb612dbf49a972d827dbed65c4ad0", "size": 33329, "path": "media/images/feature_importance_0_d470c941a3af4ecdb2bc.png", "format": "png", "width": 1000, "height": 1000}, "_timestamp": 1703872219.9496906, "_runtime": 13.031615495681763, "_step": 0, "_wandb": {"runtime": 12}}